temp,feels_like,temp_min,temp_max,pressure,humidity,wind_speed,clouds_all,Hora,Normal (kWh),Horário Económico (kWh),Autoconsumo (kWh),weather_heavy intensity rain,Year,Month,Day,weather_broken clouds,weather_sky is clear,weather_few clouds,weather_light rain,weather_moderate rain,weather_overcast clouds,weather_scattered clouds
9.53,,6.9,11.18,1022.0,92.0,1.22,18.0,0,0.0,0.502,0.0,0,2023,3,15,0,0,1,0,0,0,0
9.56,,8.86,10.62,1022.0,92.0,1.37,8.0,1,0.0,0.504,0.0,0,2023,3,15,0,1,0,0,0,0,0
8.99,,8.13,10.07,1022.0,93.0,1.52,6.0,2,0.0,0.494,0.0,0,2023,3,15,0,1,0,0,0,0,0
8.98,,7.75,9.51,1021.0,93.0,1.51,4.0,3,0.0,0.495,0.0,0,2023,3,15,0,1,0,0,0,0,0
9.38,,5.23,9.56,1020.0,93.0,1.42,3.0,4,0.0,0.349,0.0,0,2023,3,15,0,1,0,0,0,0,0
8.34,,4.67,9.2,1020.0,92.0,1.65,3.0,5,0.0,0.337,0.0,0,2023,3,15,0,1,0,0,0,0,0
8.84,,4.12,9.2,1020.0,91.0,1.61,5.0,6,0.0,0.275,0.0,0,2023,3,15,0,1,0,0,0,0,0
8.82,,4.67,9.0,1019.0,88.0,1.83,10.0,7,0.0,0.37,0.161,0,2023,3,15,0,1,0,0,0,0,0
10.03,,7.13,10.11,1019.0,83.0,1.43,36.0,8,0.65,0.0,0.325,0,2023,3,15,0,0,0,0,0,0,1
12.78,,8.4,12.89,1019.0,73.0,1.33,46.0,9,0.0,0.0,0.257,0,2023,3,15,0,0,0,0,0,0,1
15.06,,12.13,15.11,1018.0,63.0,1.15,38.0,10,0.0,0.0,0.252,0,2023,3,15,0,0,0,0,0,0,1
17.82,,14.13,17.89,1018.0,59.0,1.21,36.0,11,0.0,0.0,0.253,0,2023,3,15,0,0,0,0,0,0,1
18.91,,16.13,19.0,1017.0,54.0,1.45,31.0,12,0.0,0.0,0.255,0,2023,3,15,0,0,0,0,0,0,1
20.02,,17.13,20.31,1016.0,42.0,2.01,31.0,13,0.0,0.0,0.25,0,2023,3,15,0,0,0,0,0,0,1
20.47,,14.51,21.42,1015.0,40.0,2.19,41.0,14,0.0,0.0,0.247,0,2023,3,15,0,0,0,0,0,0,1
21.15,,18.13,21.98,1015.0,39.0,2.43,31.0,15,0.0,0.0,0.246,0,2023,3,15,0,0,0,0,0,0,1
21.06,,16.18,23.01,1014.0,43.0,2.09,25.0,16,0.0,0.0,0.245,0,2023,3,15,0,0,0,0,0,0,1
21.02,,16.18,21.23,1014.0,45.0,1.96,24.0,17,0.15,0.0,0.088,0,2023,3,15,0,0,1,0,0,0,0
15.95,,15.62,16.64,1014.0,71.0,1.27,24.0,18,0.687,0.0,0.003,0,2023,3,15,0,0,1,0,0,0,0
14.46,,14.13,15.07,1014.0,76.0,0.21,25.0,19,1.536,0.0,0.0,0,2023,3,15,0,0,0,0,0,0,1
13.21,,12.13,14.75,1015.0,77.0,0.29,15.0,20,0.791,0.0,0.0,0,2023,3,15,0,0,1,0,0,0,0
13.35,,11.13,14.2,1014.0,69.0,1.41,28.0,21,0.626,0.0,0.0,0,2023,3,15,0,0,0,0,0,0,1
13.33,,10.79,13.45,1014.0,68.0,1.2,42.0,22,0.0,0.646,0.0,0,2023,3,15,0,0,0,0,0,0,1
11.22,,10.23,12.29,1014.0,78.0,1.59,44.0,23,0.0,0.491,0.0,0,2023,3,15,0,0,0,0,0,0,1
10.75,,9.12,11.73,1013.0,78.0,1.27,42.0,0,0.0,0.704,0.0,0,2023,3,16,0,0,0,0,0,0,1
9.89,,8.01,11.64,1012.0,78.0,1.51,98.0,1,0.0,2.672,0.0,0,2023,3,16,0,0,0,0,0,1,0
9.14,,7.45,11.09,1012.0,78.0,1.48,98.0,2,0.0,0.914,0.0,0,2023,3,16,0,0,0,0,0,1,0
9.43,,7.45,11.09,1011.0,77.0,1.52,99.0,3,0.0,0.26,0.0,0,2023,3,16,0,0,0,0,0,1,0
8.83,,6.9,10.53,1011.0,79.0,1.42,99.0,4,0.0,0.24,0.0,0,2023,3,16,0,0,0,0,0,1,0
8.23,,6.9,9.98,1010.0,77.0,1.35,99.0,5,0.0,0.236,0.0,0,2023,3,16,0,0,0,0,0,1,0
8.49,,8.13,9.42,1011.0,78.0,0.72,99.0,6,0.0,0.235,0.0,0,2023,3,16,0,0,0,0,0,1,0
10.57,,8.13,10.67,1011.0,78.0,1.16,100.0,7,0.0,1.145,0.097,0,2023,3,16,0,0,0,0,0,1,0
11.1,,8.13,11.98,1011.0,78.0,1.25,100.0,8,0.631,0.0,0.191,0,2023,3,16,0,0,0,0,0,1,0
12.26,,10.07,13.09,1011.0,78.0,1.92,100.0,9,0.015,0.0,0.244,0,2023,3,16,0,0,0,0,0,1,0
13.41,,11.73,14.2,1011.0,81.0,3.05,100.0,10,0.0,0.0,0.261,0,2023,3,16,0,0,0,0,0,1,0
14.54,,12.84,14.67,1010.0,78.0,3.96,100.0,11,0.965,0.0,0.554,0,2023,3,16,0,0,0,0,0,1,0
16.17,,13.95,18.64,1009.0,67.0,4.23,98.0,12,0.12,0.0,0.353,0,2023,3,16,0,0,0,0,0,1,0
17.75,,14.13,19.75,1009.0,60.0,3.84,100.0,13,0.124,0.0,0.257,0,2023,3,16,0,0,0,0,0,1,0
18.35,,14.13,19.67,1008.0,59.0,3.69,100.0,14,0.085,0.0,0.237,0,2023,3,16,0,0,0,0,0,1,0
16.17,,13.95,18.56,1008.0,73.0,4.43,100.0,15,0.094,0.0,0.223,0,2023,3,16,0,0,0,0,0,1,0
14.55,,13.31,15.23,1009.0,82.0,3.05,100.0,16,0.162,0.0,0.166,0,2023,3,16,0,0,0,0,0,1,0
14.55,,13.86,14.56,1009.0,80.0,2.43,100.0,17,0.783,0.0,0.021,0,2023,3,16,0,0,0,0,0,1,0
14.53,,13.13,15.23,1009.0,80.0,2.64,100.0,18,0.955,0.0,0.003,0,2023,3,16,0,0,0,1,0,0,0
13.44,,12.2,14.12,1008.0,86.0,2.16,100.0,19,0.964,0.0,0.0,0,2023,3,16,0,0,0,1,0,0,0
13.4,,11.64,13.56,1009.0,89.0,3.04,100.0,20,0.559,0.0,0.0,0,2023,3,16,0,0,0,1,0,0,0
12.38,,12.2,13.13,1010.0,92.0,2.48,93.0,21,0.668,0.0,0.0,0,2023,3,16,0,0,0,1,0,0,0
12.37,,11.98,13.13,1010.0,93.0,1.75,75.0,22,0.0,0.642,0.0,0,2023,3,16,1,0,0,0,0,0,0
11.84,,11.42,13.13,1010.0,93.0,1.69,62.0,23,0.0,0.711,0.0,0,2023,3,16,1,0,0,0,0,0,0
11.57,,10.86,13.13,1010.0,93.0,1.8,54.0,0,0.0,0.539,0.0,0,2023,3,17,1,0,0,0,0,0,0
11.82,,10.86,13.13,1010.0,92.0,1.8,23.0,1,0.0,0.323,0.0,0,2023,3,17,0,0,1,0,0,0,0
11.83,,10.86,13.13,1010.0,93.0,1.82,23.0,2,0.0,0.254,0.0,0,2023,3,17,0,0,1,0,0,0,0
11.23,,10.53,11.73,1010.0,93.0,1.87,32.0,3,0.0,0.251,0.0,0,2023,3,17,0,0,0,0,0,0,1
11.44,,9.98,12.13,1010.0,98.0,1.87,36.0,4,0.0,0.247,0.0,0,2023,3,17,0,0,0,0,0,0,1
10.68,,10.31,11.18,1011.0,92.0,1.95,38.0,5,0.0,0.247,0.0,0,2023,3,17,0,0,0,0,0,0,1
10.71,,9.75,12.13,1011.0,92.0,2.2,33.0,6,0.0,0.245,0.0,0,2023,3,17,0,0,0,0,1,0,0
10.73,,10.31,12.13,1011.0,93.0,2.4,85.0,7,0.0,0.88,0.054,0,2023,3,17,0,0,0,0,0,1,0
10.74,,10.67,12.13,1011.0,93.0,3.48,93.0,8,1.208,0.0,0.111,0,2023,3,17,0,0,0,1,0,0,0
11.28,,10.31,12.45,1012.0,94.0,4.01,95.0,9,0.06,0.0,0.293,0,2023,3,17,0,0,0,1,0,0,0
11.81,,11.42,12.75,1012.0,93.0,4.33,96.0,10,0.0,0.0,0.373,0,2023,3,17,0,0,0,0,0,1,0
11.29,,11.09,12.45,1012.0,93.0,5.43,97.0,11,0.0,0.0,0.356,0,2023,3,17,0,0,0,0,0,1,0
12.36,,11.98,13.01,1013.0,91.0,5.16,98.0,12,0.0,0.0,0.361,0,2023,3,17,0,0,0,0,0,1,0
13.94,,11.42,14.0,1013.0,81.0,6.0,23.0,13,0.0,0.0,0.315,0,2023,3,17,0,0,1,0,0,0,0
13.45,,12.53,13.95,1013.0,85.0,5.99,28.0,14,0.046,0.0,0.301,0,2023,3,17,0,0,0,0,0,0,1
12.4,,12.2,13.64,1013.0,86.0,5.55,42.0,15,0.126,0.0,0.201,0,2023,3,17,0,0,0,1,0,0,0
11.89,,11.78,14.13,1013.0,91.0,4.89,53.0,16,0.132,0.0,0.174,0,2023,3,17,1,0,0,0,0,0,0
12.33,,11.9,12.84,1013.0,89.0,4.01,59.0,17,1.279,0.0,0.045,0,2023,3,17,1,0,0,0,0,0,0
11.83,,11.09,13.4,1014.0,90.0,3.19,49.0,18,2.048,0.0,0.006,0,2023,3,17,0,0,0,0,0,0,1
10.25,,10.11,13.13,1014.0,91.0,1.52,77.0,19,1.119,0.0,0.0,0,2023,3,17,1,0,0,0,0,0,0
10.21,,10.11,12.29,1015.0,93.0,1.12,68.0,20,0.492,0.0,0.0,0,2023,3,17,1,0,0,0,0,0,0
10.22,,10.11,12.29,1015.0,93.0,1.14,76.0,21,0.45,0.0,0.0,0,2023,3,17,1,0,0,0,0,0,0
10.22,,10.11,12.29,1016.0,93.0,0.73,70.0,22,0.0,0.8,0.0,0,2023,3,17,1,0,0,0,0,0,0
10.68,,9.75,11.13,1016.0,93.0,0.61,66.0,23,0.0,0.563,0.0,0,2023,3,17,1,0,0,0,0,0,0
10.87,,9.75,11.18,1015.0,96.0,0.7,70.0,0,0.0,0.496,0.0,0,2023,3,18,1,0,0,0,0,0,0
10.43,,9.42,11.18,1015.0,96.0,0.98,75.0,1,0.0,0.495,0.0,0,2023,3,18,1,0,0,0,0,0,0
11.12,,9.42,12.13,1015.0,94.0,1.17,87.0,2,0.0,0.43,0.0,0,2023,3,18,0,0,0,1,0,0,0
10.15,,9.75,11.13,1015.0,94.0,1.39,91.0,3,0.0,0.367,0.0,0,2023,3,18,0,0,0,0,0,1,0
10.12,,9.75,10.62,1015.0,94.0,1.45,94.0,4,0.0,0.275,0.0,0,2023,3,18,0,0,0,1,0,0,0
10.12,,9.98,10.62,1016.0,94.0,1.43,95.0,5,0.0,0.282,0.0,0,2023,3,18,0,0,0,0,0,1,0
10.15,,9.98,11.13,1016.0,94.0,1.48,96.0,6,0.0,0.311,0.0,0,2023,3,18,0,0,0,0,0,1,0
10.68,,9.98,11.13,1017.0,95.0,0.74,75.0,7,0.0,0.251,0.019,0,2023,3,18,1,0,0,0,0,0,0
10.68,,9.98,11.42,1018.0,95.0,0.96,71.0,8,0.572,0.0,0.131,0,2023,3,18,1,0,0,0,0,0,0
11.23,,11.09,11.23,1018.0,95.0,1.33,72.0,9,0.0,0.0,0.257,0,2023,3,18,1,0,0,0,0,0,0
11.27,,11.23,13.13,1018.0,95.0,1.95,78.0,10,0.668,0.0,0.321,0,2023,3,18,1,0,0,0,0,0,0
12.37,,12.2,14.13,1019.0,94.0,2.6,81.0,11,0.035,0.0,0.251,0,2023,3,18,1,0,0,0,0,0,0
12.87,,12.13,12.89,1019.0,93.0,3.06,90.0,12,0.0,0.0,0.251,0,2023,3,18,0,0,0,0,0,1,0
13.45,,12.84,14.13,1019.0,92.0,3.61,100.0,13,0.0,0.0,0.255,0,2023,3,18,0,0,0,0,0,1,0
15.04,,12.84,15.86,1018.0,80.0,2.97,97.0,14,0.0,0.0,0.323,0,2023,3,18,0,0,0,0,0,1,0
15.08,,13.4,15.11,1018.0,81.0,3.81,91.0,15,0.755,0.0,0.428,0,2023,3,18,0,0,0,0,0,1,0
14.52,,13.31,16.42,1019.0,79.0,3.63,91.0,16,0.725,0.0,0.474,0,2023,3,18,0,0,0,0,0,1,0
14.53,,13.31,15.31,1019.0,79.0,2.88,91.0,17,0.263,0.0,0.203,0,2023,3,18,0,0,0,0,0,1,0
13.96,,12.2,14.2,1020.0,82.0,2.29,88.0,18,0.714,0.0,0.022,0,2023,3,18,0,0,0,0,0,1,0
12.85,,11.09,12.89,1021.0,85.0,1.61,15.0,19,1.288,0.0,0.0,0,2023,3,18,0,0,1,0,0,0,0
11.76,,10.53,11.78,1022.0,88.0,1.16,12.0,20,0.739,0.0,0.0,0,2023,3,18,0,0,1,0,0,0,0
11.21,,9.98,11.73,1022.0,91.0,0.9,12.0,21,0.512,0.0,0.0,0,2023,3,18,0,0,1,0,0,0,0
10.66,,9.42,11.18,1023.0,92.0,0.91,18.0,22,0.0,1.377,0.0,0,2023,3,18,0,0,1,0,0,0,0
10.1,,9.13,11.18,1023.0,92.0,0.87,23.0,23,0.0,1.483,0.0,0,2023,3,18,0,0,1,0,0,0,0
10.09,,8.64,10.62,1022.0,93.0,0.9,29.0,0,0.0,0.641,0.0,0,2023,3,19,0,0,0,0,0,0,1
9.56,,8.09,10.62,1023.0,93.0,1.27,28.0,1,0.0,0.38,0.0,0,2023,3,19,0,0,0,0,0,0,1
9.53,,7.53,10.07,1023.0,94.0,1.78,54.0,2,0.0,0.317,0.0,0,2023,3,19,1,0,0,0,0,0,0
8.96,,6.98,9.51,1022.0,94.0,1.46,69.0,3,0.0,0.362,0.0,0,2023,3,19,1,0,0,0,0,0,0
8.43,,6.98,9.51,1022.0,94.0,1.33,77.0,4,0.0,0.305,0.0,0,2023,3,19,1,0,0,0,0,0,0
8.36,,5.13,8.95,1023.0,94.0,1.69,81.0,5,0.0,0.302,0.0,0,2023,3,19,1,0,0,0,0,0,0
7.81,,5.13,7.89,1023.0,95.0,1.8,84.0,6,0.0,0.344,0.0,0,2023,3,19,1,0,0,0,0,0,0
7.81,,5.13,7.89,1024.0,94.0,1.7,27.0,7,0.0,0.297,0.069,0,2023,3,19,0,0,0,0,0,0,1
9.46,,6.42,9.56,1023.0,95.0,1.41,63.0,8,0.056,0.0,0.241,0,2023,3,19,1,0,0,0,0,0,0
10.02,,8.13,10.11,1023.0,93.0,1.2,76.0,9,0.29,0.0,0.488,0,2023,3,19,1,0,0,0,0,0,0
12.81,,10.13,13.09,1023.0,80.0,1.43,82.0,10,0.039,0.0,0.6,0,2023,3,19,1,0,0,0,0,0,0
13.97,,12.75,14.75,1023.0,79.0,0.67,85.0,11,0.904,0.0,0.952,0,2023,3,19,0,0,0,0,0,1,0
15.08,,14.13,16.98,1023.0,71.0,0.46,87.0,12,0.282,0.0,0.862,0,2023,3,19,0,0,0,0,0,1,0
16.17,,14.13,16.98,1022.0,63.0,0.65,100.0,13,0.141,0.0,0.775,0,2023,3,19,0,0,0,0,0,1,0
16.92,,13.95,18.09,1021.0,62.0,1.12,100.0,14,0.0,0.0,0.434,0,2023,3,19,0,0,0,0,0,1,0
18.81,,14.51,19.2,1021.0,56.0,1.17,100.0,15,0.357,0.0,0.644,0,2023,3,19,0,0,0,0,0,1,0
18.81,,14.51,19.0,1021.0,55.0,1.54,100.0,16,0.584,0.0,0.399,0,2023,3,19,0,0,0,0,0,1,0
19.34,,14.51,19.56,1021.0,52.0,1.6,100.0,17,1.051,0.0,0.109,0,2023,3,19,0,0,0,0,0,1,0
17.16,,13.13,17.53,1022.0,67.0,1.4,99.0,18,0.551,0.0,0.006,0,2023,3,19,0,0,0,0,0,1,0
12.58,,12.13,13.4,1023.0,80.0,0.87,100.0,19,1.019,0.0,0.0,0,2023,3,19,0,0,0,0,0,1,0
13.36,,11.13,14.2,1023.0,81.0,0.84,97.0,20,0.523,0.0,0.0,0,2023,3,19,0,0,0,0,0,1,0
12.27,,10.13,13.09,1023.0,84.0,1.06,87.0,21,1.073,0.0,0.0,0,2023,3,19,0,0,0,0,0,1,0
11.7,,9.13,11.98,1023.0,87.0,1.27,82.0,22,0.0,0.985,0.0,0,2023,3,19,1,0,0,0,0,0,0
11.7,,9.13,11.78,1023.0,88.0,1.25,83.0,23,0.0,0.518,0.0,0,2023,3,19,1,0,0,0,0,0,0
11.14,,8.13,11.23,1022.0,88.0,1.59,86.0,0,0.0,0.531,0.0,0,2023,3,20,0,0,0,0,0,1,0
11.65,,8.13,11.78,1022.0,87.0,1.52,99.0,1,0.0,0.488,0.0,0,2023,3,20,0,0,0,0,0,1,0
11.12,,8.13,11.23,1022.0,87.0,1.63,100.0,2,0.0,0.324,0.0,0,2023,3,20,0,0,0,0,0,1,0
11.11,,8.09,11.23,1022.0,88.0,1.7,100.0,3,0.0,0.311,0.0,0,2023,3,20,0,0,0,0,0,1,0
10.56,,7.53,10.67,1022.0,89.0,1.4,100.0,4,0.0,0.284,0.0,0,2023,3,20,0,0,0,0,0,1,0
7.78,,7.13,8.95,1022.0,82.0,1.5,100.0,5,0.0,0.294,0.0,0,2023,3,20,0,0,0,0,0,1,0
7.58,,7.13,8.4,1022.0,81.0,1.42,100.0,6,0.0,0.297,0.001,0,2023,3,20,0,0,0,0,0,1,0
6.74,,6.13,7.84,1022.0,79.0,1.18,100.0,7,0.0,1.112,0.178,0,2023,3,20,0,0,0,0,0,1,0
12.73,,6.13,12.89,1022.0,75.0,0.77,100.0,8,0.0,0.0,0.26,0,2023,3,20,0,0,0,0,0,1,0
14.48,,10.13,14.56,1022.0,71.0,0.73,100.0,9,0.0,0.0,0.232,0,2023,3,20,0,0,0,0,0,1,0
14.52,,13.13,14.56,1022.0,72.0,1.04,100.0,10,0.0,0.0,0.233,0,2023,3,20,0,0,0,0,0,1,0
16.73,,15.13,18.09,1022.0,67.0,1.48,100.0,11,0.288,0.0,0.46,0,2023,3,20,0,0,0,0,0,1,0
18.94,,17.13,20.86,1022.0,58.0,2.28,96.0,12,0.378,0.0,0.492,0,2023,3,20,0,0,0,0,0,1,0
19.9,,14.51,21.42,1021.0,54.0,3.06,63.0,13,0.0,0.0,0.24,0,2023,3,20,1,0,0,0,0,0,0
19.94,,15.62,21.42,1021.0,52.0,3.6,58.0,14,0.0,0.0,0.237,0,2023,3,20,1,0,0,0,0,0,0
20.46,,16.13,20.86,1020.0,48.0,3.26,72.0,15,0.0,0.0,0.236,0,2023,3,20,1,0,0,0,0,0,0
19.92,,16.13,20.11,1020.0,50.0,2.92,78.0,16,0.0,0.0,0.229,0,2023,3,20,1,0,0,0,0,0,0
18.8,,14.13,19.0,1020.0,54.0,2.62,75.0,17,0.144,0.0,0.099,0,2023,3,20,1,0,0,0,0,0,0
13.75,,13.13,16.98,1021.0,77.0,1.54,76.0,18,1.223,0.0,0.002,0,2023,3,20,1,0,0,0,0,0,0
12.58,,12.13,13.4,1021.0,89.0,1.02,33.0,19,0.502,0.0,0.0,0,2023,3,20,0,0,0,0,0,0,1
12.32,,10.53,12.34,1022.0,85.0,0.54,41.0,20,0.712,0.0,0.0,0,2023,3,20,0,0,0,0,0,0,1
11.22,,10.13,12.29,1022.0,89.0,0.09,60.0,21,1.75,0.0,0.0,0,2023,3,20,1,0,0,0,0,0,0
11.21,,10.13,11.73,1022.0,89.0,0.44,70.0,22,0.0,0.637,0.0,0,2023,3,20,1,0,0,0,0,0,0
10.67,,9.42,11.73,1022.0,90.0,0.42,75.0,23,0.0,0.484,0.0,0,2023,3,20,1,0,0,0,0,0,0
10.11,,9.98,10.31,1022.0,92.0,0.73,80.0,0,0.0,0.531,0.0,0,2023,3,21,1,0,0,0,0,0,0
10.17,,9.75,11.73,1021.0,93.0,1.13,99.0,1,0.0,0.521,0.0,0,2023,3,21,0,0,0,0,0,1,0
10.15,,9.2,11.18,1021.0,93.0,1.16,100.0,2,0.0,0.539,0.0,0,2023,3,21,0,0,0,0,0,1,0
9.63,,8.86,11.18,1021.0,92.0,0.76,100.0,3,0.0,0.248,0.0,0,2023,3,21,0,0,0,0,0,1,0
9.62,,8.86,11.13,1021.0,91.0,0.63,99.0,4,0.0,0.243,0.0,0,2023,3,21,0,0,0,0,0,1,0
9.59,,8.86,10.62,1020.0,92.0,0.83,98.0,5,0.0,0.242,0.0,0,2023,3,21,0,0,0,0,0,1,0
9.59,,8.31,10.62,1020.0,93.0,1.04,83.0,6,0.0,0.244,0.0,0,2023,3,21,1,0,0,0,0,0,0
9.58,,8.86,10.13,1021.0,93.0,1.4,16.0,7,0.0,1.468,0.114,0,2023,3,21,0,0,1,0,0,0,0
10.64,,9.42,10.67,1021.0,93.0,1.03,18.0,8,0.037,0.0,0.247,0,2023,3,21,0,0,1,0,0,0,0
12.81,,11.13,12.89,1021.0,86.0,0.59,16.0,9,0.738,0.0,0.442,0,2023,3,21,0,0,1,0,0,0,0
13.44,,11.73,14.75,1021.0,83.0,0.2,12.0,10,0.0,0.0,0.425,0,2023,3,21,0,0,1,0,0,0,0
15.05,,13.13,16.98,1020.0,76.0,1.26,24.0,11,0.0,0.0,0.25,0,2023,3,21,0,0,1,0,0,0,0
16.49,,16.13,17.53,1020.0,70.0,2.2,21.0,12,0.0,0.0,0.246,0,2023,3,21,0,0,1,0,0,0,0
17.75,,14.51,19.2,1019.0,60.0,2.9,6.0,13,0.0,0.0,0.241,0,2023,3,21,0,1,0,0,0,0,0
18.29,,15.07,19.75,1019.0,61.0,3.78,36.0,14,0.0,0.0,0.245,0,2023,3,21,0,0,0,0,0,0,1
18.29,,15.07,19.75,1018.0,58.0,3.27,30.0,15,0.0,0.0,0.247,0,2023,3,21,0,0,0,0,0,0,1
18.82,,15.07,19.75,1018.0,57.0,3.38,47.0,16,0.0,0.0,0.243,0,2023,3,21,0,0,0,0,0,0,1
17.73,,14.13,18.64,1019.0,68.0,3.6,58.0,17,0.154,0.0,0.104,0,2023,3,21,1,0,0,0,0,0,0
15.59,,13.95,16.98,1019.0,75.0,2.2,60.0,18,1.368,0.0,0.005,0,2023,3,21,1,0,0,0,0,0,0
13.43,,12.13,13.45,1019.0,81.0,0.93,100.0,19,2.282,0.0,0.0,0,2023,3,21,0,0,0,0,0,1,0
12.32,,11.09,13.64,1020.0,86.0,0.36,99.0,20,0.571,0.0,0.0,0,2023,3,21,0,0,0,0,0,1,0
11.24,,11.09,12.53,1020.0,88.0,0.45,99.0,21,0.617,0.0,0.0,0,2023,3,21,0,0,0,0,0,1,0
11.24,,10.53,12.29,1020.0,90.0,0.78,100.0,22,0.0,1.269,0.0,0,2023,3,21,0,0,0,0,0,1,0
10.67,,9.98,11.73,1019.0,91.0,0.87,100.0,23,0.0,0.599,0.0,0,2023,3,21,0,0,0,0,0,1,0
10.14,,10.11,11.73,1019.0,92.0,0.58,100.0,0,0.0,0.59,0.0,0,2023,3,22,0,0,0,0,0,1,0
10.65,,9.98,10.67,1019.0,93.0,0.72,100.0,1,0.0,0.527,0.0,0,2023,3,22,0,0,0,0,0,1,0
10.66,,9.42,11.18,1018.0,92.0,1.22,100.0,2,0.0,0.523,0.0,0,2023,3,22,0,0,0,0,0,1,0
10.66,,8.86,11.18,1017.0,92.0,0.83,100.0,3,0.0,0.356,0.0,0,2023,3,22,0,0,0,0,0,1,0
9.71,,9.13,10.62,1018.0,88.0,0.5,98.0,4,0.0,0.253,0.0,0,2023,3,22,0,0,0,0,0,1,0
10.29,,9.2,10.62,1018.0,88.0,0.81,98.0,5,0.0,0.246,0.0,0,2023,3,22,0,0,0,0,0,1,0
10.27,,8.86,10.62,1018.0,88.0,1.53,94.0,6,0.0,0.25,0.0,0,2023,3,22,0,0,0,0,0,1,0
9.05,,8.31,10.13,1018.0,90.0,0.99,100.0,7,0.0,1.169,0.123,0,2023,3,22,0,0,0,0,0,1,0
10.92,,9.75,11.23,1018.0,86.0,0.78,100.0,8,0.061,0.0,0.299,0,2023,3,22,0,0,0,0,0,1,0
11.75,,11.09,12.53,1018.0,83.0,1.18,100.0,9,0.0,0.0,0.249,0,2023,3,22,0,0,0,0,0,1,0
12.88,,11.73,14.2,1018.0,79.0,1.6,100.0,10,0.0,0.0,0.241,0,2023,3,22,0,0,0,0,0,1,0
13.47,,13.4,14.13,1017.0,76.0,2.09,100.0,11,0.012,0.0,0.235,0,2023,3,22,0,0,0,0,0,1,0
13.99,,13.4,14.75,1017.0,74.0,2.43,100.0,12,0.0,0.0,0.251,0,2023,3,22,0,0,0,0,0,1,0
14.53,,13.86,15.31,1017.0,72.0,3.12,100.0,13,0.0,0.0,0.253,0,2023,3,22,0,0,0,1,0,0,0
15.06,,13.86,15.86,1017.0,71.0,2.42,100.0,14,0.0,0.0,0.266,0,2023,3,22,0,0,0,0,0,1,0
15.9,,14.42,16.42,1016.0,67.0,2.57,100.0,15,0.0,0.0,0.262,0,2023,3,22,0,0,0,0,0,1,0
15.6,,13.86,15.86,1016.0,70.0,2.63,100.0,16,0.062,0.0,0.241,0,2023,3,22,0,0,0,0,0,1,0
15.08,,14.13,15.11,1015.0,70.0,2.62,100.0,17,0.179,0.0,0.136,0,2023,3,22,0,0,0,0,0,1,0
14.52,,13.13,14.56,1016.0,74.0,2.11,100.0,18,0.802,0.0,0.017,0,2023,3,22,0,0,0,0,0,1,0
13.43,,12.75,13.95,1017.0,93.0,1.32,100.0,19,0.727,0.0,0.0,0,2023,3,22,0,0,0,0,0,1,0
12.38,,12.2,13.4,1017.0,84.0,1.4,100.0,20,0.445,0.0,0.0,0,2023,3,22,0,0,0,0,0,1,0
12.37,,11.64,13.13,1017.0,85.0,1.45,97.0,21,0.565,0.0,0.0,0,2023,3,22,0,0,0,0,0,1,0
12.37,,11.64,13.13,1017.0,87.0,1.35,97.0,22,0.0,1.37,0.0,0,2023,3,22,0,0,0,0,0,1,0
11.83,,11.64,13.13,1017.0,88.0,1.47,97.0,23,0.0,0.315,0.0,0,2023,3,22,0,0,0,0,0,1,0
12.37,,11.64,13.13,1016.0,89.0,1.47,96.0,0,0.0,0.305,0.0,0,2023,3,23,0,0,0,0,0,1,0
11.83,,11.09,13.13,1016.0,89.0,1.47,100.0,1,0.0,0.355,0.0,0,2023,3,23,0,0,0,0,0,1,0
11.82,,11.09,13.13,1015.0,90.0,1.53,100.0,2,0.0,0.398,0.0,0,2023,3,23,0,0,0,0,0,1,0
11.82,,11.09,13.13,1015.0,89.0,1.43,100.0,3,0.0,0.266,0.0,0,2023,3,23,0,0,0,0,0,1,0
11.82,,11.64,13.13,1015.0,89.0,1.45,100.0,4,0.0,0.244,0.0,0,2023,3,23,0,0,0,0,0,1,0
11.27,,11.23,12.53,1014.0,90.0,1.35,100.0,5,0.0,0.238,0.0,0,2023,3,23,0,0,0,0,0,1,0
11.8,,11.09,12.53,1014.0,89.0,1.55,100.0,6,0.0,0.235,0.0,0,2023,3,23,0,0,0,0,0,1,0
11.8,,11.64,12.53,1014.0,89.0,1.65,100.0,7,0.0,1.287,0.105,0,2023,3,23,0,0,0,0,0,1,0
11.8,,11.64,13.09,1014.0,88.0,1.53,100.0,8,1.04,0.0,0.107,0,2023,3,23,0,0,0,0,0,1,0
12.89,,12.75,13.13,1015.0,85.0,1.89,100.0,9,0.059,0.0,0.179,0,2023,3,23,0,0,0,0,0,1,0
13.99,,13.31,15.31,1015.0,85.0,2.34,100.0,10,0.054,0.0,0.186,0,2023,3,23,0,0,0,0,0,1,0
13.99,,13.31,14.2,1015.0,84.0,2.69,100.0,11,0.054,0.0,0.185,0,2023,3,23,0,0,0,0,0,1,0
14.51,,13.13,14.56,1015.0,85.0,3.21,100.0,12,0.054,0.0,0.184,0,2023,3,23,0,0,0,0,0,1,0
13.97,,13.13,15.31,1015.0,86.0,3.59,100.0,13,0.027,0.0,0.213,0,2023,3,23,0,0,0,0,0,1,0
14.0,,13.31,14.75,1014.0,89.0,3.88,100.0,14,0.064,0.0,0.173,0,2023,3,23,0,0,0,0,0,1,0
14.01,,13.31,14.75,1013.0,89.0,4.5,100.0,15,0.136,0.0,0.095,0,2023,3,23,0,0,0,0,0,1,0
14.01,,13.86,14.51,1013.0,87.0,4.68,100.0,16,0.169,0.0,0.065,0,2023,3,23,0,0,0,0,0,1,0
14.01,,13.64,14.51,1013.0,90.0,4.53,100.0,17,0.208,0.0,0.022,0,2023,3,23,0,0,0,0,0,1,0
13.47,,12.75,14.13,1014.0,92.0,4.29,100.0,18,0.563,0.0,0.003,0,2023,3,23,0,0,0,0,0,1,0
12.9,,12.75,13.4,1014.0,93.0,3.88,100.0,19,1.432,0.0,0.0,0,2023,3,23,0,0,0,0,0,1,0
12.9,,12.2,13.4,1015.0,93.0,3.63,100.0,20,0.337,0.0,0.0,0,2023,3,23,0,0,0,0,0,1,0
12.89,,12.84,13.13,1015.0,93.0,3.54,100.0,21,0.472,0.0,0.0,0,2023,3,23,0,0,0,1,0,0,0
13.43,,12.2,13.64,1015.0,93.0,3.39,100.0,22,0.0,0.532,0.0,0,2023,3,23,0,0,0,0,0,1,0
13.47,,12.75,14.13,1015.0,93.0,3.59,100.0,23,0.0,0.618,0.0,0,2023,3,23,0,0,0,0,0,1,0
13.45,,13.31,13.64,1015.0,94.0,3.69,100.0,0,0.0,0.604,0.0,0,2023,3,24,0,0,0,0,0,1,0
13.45,,13.31,13.64,1014.0,94.0,3.65,100.0,1,0.0,0.534,0.0,0,2023,3,24,0,0,0,1,0,0,0
13.99,,13.31,14.13,1015.0,94.0,3.2,100.0,2,0.0,0.462,0.0,0,2023,3,24,0,0,0,1,0,0,0
13.82,,12.53,14.13,1016.0,98.0,2.3,100.0,3,0.0,0.331,0.0,0,2023,3,24,0,0,0,1,0,0,0
12.33,,11.64,12.34,1016.0,94.0,1.6,100.0,4,0.0,0.248,0.0,0,2023,3,24,0,0,0,1,0,0,0
11.5,,10.53,11.78,1017.0,94.0,1.33,100.0,5,0.0,0.245,0.0,0,2023,3,24,0,0,0,0,0,1,0
10.93,,9.98,11.23,1017.0,94.0,1.23,100.0,6,0.0,0.243,0.0,0,2023,3,24,0,0,0,0,0,1,0
10.66,,9.75,11.18,1018.0,95.0,1.37,100.0,7,0.0,1.643,0.177,0,2023,3,24,0,0,0,0,0,1,0
11.23,,10.53,11.73,1019.0,95.0,1.56,97.0,8,0.031,0.0,0.314,0,2023,3,24,0,0,0,0,0,1,0
11.79,,11.78,12.29,1020.0,95.0,2.22,65.0,9,0.0,0.0,0.257,0,2023,3,24,1,0,0,0,0,0,0
12.92,,12.84,14.75,1021.0,94.0,2.82,49.0,10,0.0,0.0,0.257,0,2023,3,24,0,0,0,0,0,0,1
14.55,,13.4,15.31,1021.0,80.0,3.16,39.0,11,0.0,0.0,0.263,0,2023,3,24,0,0,0,0,0,0,1
15.65,,14.98,15.67,1022.0,72.0,3.49,34.0,12,0.0,0.0,0.268,0,2023,3,24,0,0,0,0,0,0,1
15.61,,14.13,15.86,1021.0,68.0,3.94,4.0,13,0.0,0.0,0.258,0,2023,3,24,0,1,0,0,0,0,0
16.17,,14.42,16.23,1021.0,59.0,4.07,4.0,14,0.514,0.0,0.428,0,2023,3,24,0,1,0,0,0,0,0
15.11,,15.07,15.86,1021.0,68.0,3.99,4.0,15,0.018,0.0,0.316,0,2023,3,24,0,1,0,0,0,0,0
16.18,,14.98,16.42,1022.0,64.0,3.99,4.0,16,0.009,0.0,0.316,0,2023,3,24,0,1,0,0,0,0,0
16.18,,14.75,16.23,1022.0,64.0,3.46,3.0,17,0.211,0.0,0.115,0,2023,3,24,0,1,0,0,0,0,0
15.07,,13.64,15.11,1023.0,66.0,2.58,3.0,18,0.309,0.0,0.008,0,2023,3,24,0,1,0,0,0,0,0
13.43,,11.98,13.95,1023.0,89.0,1.39,0.0,19,0.37,0.0,0.0,0,2023,3,24,0,1,0,0,0,0,0
12.57,,10.31,13.4,1024.0,92.0,0.63,0.0,20,0.471,0.0,0.0,0,2023,3,24,0,1,0,0,0,0,0
11.23,,9.2,12.84,1025.0,85.0,0.7,2.0,21,0.535,0.0,0.0,0,2023,3,24,0,1,0,0,0,0,0
10.68,,8.64,12.29,1025.0,87.0,1.17,5.0,22,0.0,0.531,0.0,0,2023,3,24,0,1,0,0,0,0,0
10.11,,7.53,11.73,1025.0,90.0,1.18,8.0,23,0.0,0.54,0.0,0,2023,3,24,0,1,0,0,0,0,0
9.56,,6.98,11.73,1025.0,91.0,1.16,8.0,0,0.0,0.532,0.0,0,2023,3,25,0,1,0,0,0,0,0
9.57,,6.42,11.18,1025.0,91.0,1.36,7.0,1,0.0,0.534,0.0,0,2023,3,25,0,1,0,0,0,0,0
9.0,,5.86,10.62,1024.0,91.0,1.12,25.0,2,0.0,0.505,0.0,0,2023,3,25,0,0,0,0,0,0,1
8.99,,4.75,10.07,1024.0,91.0,1.41,48.0,3,0.0,0.377,0.0,0,2023,3,25,0,0,0,0,0,0,1
8.46,,4.75,9.51,1023.0,91.0,1.46,61.0,4,0.0,0.266,0.0,0,2023,3,25,1,0,0,0,0,0,0
8.44,,4.2,8.95,1023.0,91.0,1.41,69.0,5,0.0,0.242,0.0,0,2023,3,25,1,0,0,0,0,0,0
8.15,,4.2,8.4,1023.0,94.0,1.45,73.0,6,0.0,0.279,0.004,0,2023,3,25,1,0,0,0,0,0,0
8.97,,6.09,9.0,1023.0,90.0,1.54,99.0,7,0.0,0.053,0.187,0,2023,3,25,0,0,0,0,0,1,0
10.66,,8.13,10.67,1023.0,86.0,1.21,99.0,8,0.0,0.0,0.244,0,2023,3,25,0,0,0,0,0,1,0
12.27,,9.51,12.34,1023.0,80.0,1.42,96.0,9,0.0,0.0,0.426,0,2023,3,25,0,0,0,0,0,1,0
13.44,,12.53,13.45,1023.0,76.0,1.73,97.0,10,0.507,0.0,0.662,0,2023,3,25,0,0,0,0,0,1,0
14.51,,12.29,15.86,1023.0,68.0,2.05,98.0,11,0.326,0.0,0.632,0,2023,3,25,0,0,0,0,0,1,0
15.61,,13.4,16.98,1023.0,61.0,2.55,98.0,12,0.541,0.0,0.454,0,2023,3,25,0,0,0,0,0,1,0
16.69,,14.51,16.78,1023.0,62.0,3.2,100.0,13,0.267,0.0,0.258,0,2023,3,25,0,0,0,0,0,1,0
16.14,,14.13,16.23,1022.0,64.0,3.05,100.0,14,0.59,0.0,0.232,0,2023,3,25,0,0,0,0,0,1,0
15.07,,14.13,15.11,1022.0,65.0,4.03,100.0,15,0.162,0.0,0.175,0,2023,3,25,0,0,0,0,0,1,0
15.07,,12.53,15.11,1021.0,67.0,4.08,99.0,16,0.854,0.0,0.074,0,2023,3,25,0,0,0,0,0,1,0
14.01,,14.0,14.51,1021.0,80.0,3.54,100.0,17,0.978,0.0,0.053,0,2023,3,25,0,0,0,0,0,1,0
12.94,,11.98,14.13,1022.0,90.0,2.93,100.0,18,0.565,0.0,0.001,0,2023,3,25,0,0,0,0,0,1,0
12.94,,12.53,14.13,1022.0,92.0,2.96,99.0,19,0.722,0.0,0.0,0,2023,3,25,0,0,0,0,0,1,0
13.48,,13.09,14.13,1022.0,92.0,3.42,100.0,20,1.995,0.0,0.0,0,2023,3,25,0,0,0,0,0,1,0
13.48,,13.09,14.13,1022.0,93.0,3.72,100.0,21,0.486,0.0,0.0,0,2023,3,25,0,0,0,0,0,1,0
14.0,,13.95,14.2,1022.0,93.0,4.14,100.0,22,0.0,0.397,0.0,0,2023,3,25,0,0,0,0,0,1,0
13.99,,13.09,14.13,1022.0,94.0,2.48,98.0,23,0.0,0.384,0.0,0,2023,3,25,0,0,0,0,0,1,0
12.33,,11.64,12.34,1023.0,94.0,1.49,91.0,0,0.0,0.384,0.0,0,2023,3,26,0,0,0,0,0,1,0
11.82,,11.42,13.13,1023.0,95.0,1.07,26.0,1,0.0,0.0,0.0,0,2023,3,26,0,0,0,0,0,0,1
11.8,,10.86,12.29,1023.0,94.0,0.93,28.0,2,0.0,0.419,0.0,0,2023,3,26,0,0,0,0,0,0,1
11.23,,10.31,11.73,1023.0,94.0,0.79,38.0,3,0.0,0.306,0.0,0,2023,3,26,0,0,0,0,0,0,1
11.24,,9.75,12.29,1023.0,95.0,0.68,48.0,4,0.0,0.254,0.0,0,2023,3,26,0,0,0,0,0,0,1
10.67,,9.75,11.73,1023.0,95.0,1.01,55.0,5,0.0,0.323,0.0,0,2023,3,26,1,0,0,0,0,0,0
10.64,,9.13,11.73,1024.0,95.0,0.67,58.0,6,0.0,0.247,0.0,0,2023,3,26,1,0,0,0,0,0,0
9.55,,8.64,9.56,1024.0,95.0,0.68,51.0,7,0.0,0.238,0.003,0,2023,3,26,1,0,0,0,0,0,0
10.14,,9.98,11.98,1025.0,95.0,1.13,51.0,8,0.152,0.0,0.096,0,2023,3,26,1,0,0,0,0,0,0
11.3,,11.23,13.13,1026.0,93.0,1.4,55.0,9,0.0,0.0,0.302,0,2023,3,26,1,0,0,0,0,0,0
12.35,,12.29,13.31,1026.0,81.0,2.06,47.0,10,0.0,0.0,0.403,0,2023,3,26,0,0,0,0,0,0,1
13.98,,12.84,14.75,1026.0,70.0,2.4,46.0,11,0.0,0.0,0.353,0,2023,3,26,0,0,0,0,0,0,1
14.53,,13.4,16.42,1025.0,65.0,2.81,41.0,12,0.067,0.0,0.807,0,2023,3,26,0,0,0,0,0,0,1
16.7,,14.13,17.53,1025.0,61.0,3.29,17.0,13,0.09,0.0,0.726,0,2023,3,26,0,0,1,0,0,0,0
16.7,,14.13,17.53,1025.0,57.0,3.1,11.0,14,0.0,0.0,0.319,0,2023,3,26,0,0,1,0,0,0,0
17.25,,14.13,17.53,1024.0,54.0,3.36,8.0,15,0.018,0.0,0.608,0,2023,3,26,0,1,0,0,0,0,0
17.25,,14.13,17.34,1024.0,52.0,3.47,8.0,16,0.0,0.0,0.281,0,2023,3,26,0,1,0,0,0,0,0
17.24,,14.13,17.34,1024.0,56.0,3.2,16.0,17,0.116,0.0,0.356,0,2023,3,26,0,0,1,0,0,0,0
15.6,,13.13,15.67,1025.0,64.0,2.33,9.0,18,0.338,0.0,0.121,0,2023,3,26,0,1,0,0,0,0,0
12.13,,12.13,12.2,1025.0,78.0,1.52,47.0,19,0.647,0.0,0.008,0,2023,3,26,0,0,0,0,0,0,1
11.13,,10.53,11.13,1026.0,84.0,1.29,26.0,20,0.94,0.0,0.0,0,2023,3,26,0,0,0,0,0,0,1
10.75,,10.13,11.73,1026.0,86.0,1.73,29.0,21,0.6,0.0,0.0,0,2023,3,26,0,0,0,0,0,0,1
9.94,,9.13,11.18,1026.0,86.0,1.7,29.0,22,0.0,0.48,0.0,0,2023,3,26,0,0,0,0,0,0,1
10.1,,8.09,11.18,1026.0,87.0,1.62,41.0,23,0.0,0.532,0.0,0,2023,3,26,0,0,0,0,0,0,1
10.07,,7.53,11.18,1026.0,85.0,1.72,55.0,0,0.0,0.526,0.0,0,2023,3,27,1,0,0,0,0,0,0
9.54,,6.98,10.62,1025.0,87.0,2.01,100.0,1,0.0,0.527,0.0,0,2023,3,27,0,0,0,0,0,1,0
7.71,,6.13,10.07,1025.0,80.0,1.45,100.0,2,0.0,0.561,0.0,0,2023,3,27,0,0,0,0,0,1,0
7.48,,5.86,9.51,1025.0,78.0,1.85,89.0,3,0.0,0.313,0.0,0,2023,3,27,0,0,0,0,0,1,0
8.06,,5.31,9.51,1024.0,76.0,1.89,76.0,4,0.0,0.256,0.0,0,2023,3,27,1,0,0,0,0,0,0
7.24,,4.75,8.95,1024.0,74.0,1.86,67.0,5,0.0,0.246,0.0,0,2023,3,27,1,0,0,0,0,0,0
7.64,,4.75,8.4,1024.0,71.0,2.02,65.0,6,0.0,0.238,0.0,0,2023,3,27,1,0,0,0,0,0,0
7.58,,7.13,8.86,1024.0,68.0,2.02,30.0,7,0.0,1.572,0.004,0,2023,3,27,0,0,0,0,0,0,1
12.25,,8.95,12.34,1024.0,58.0,1.56,4.0,8,0.168,0.0,0.205,0,2023,3,27,0,1,0,0,0,0,0
13.91,,10.07,14.0,1024.0,54.0,1.45,3.0,9,0.0,0.0,0.248,0,2023,3,27,0,1,0,0,0,0,0
15.06,,11.73,15.11,1023.0,52.0,1.22,2.0,10,0.0,0.0,0.251,0,2023,3,27,0,1,0,0,0,0,0
17.3,,16.13,17.34,1023.0,43.0,0.47,2.0,11,0.0,0.0,0.383,0,2023,3,27,0,1,0,0,0,0,0
19.52,,18.13,19.75,1022.0,41.0,1.1,2.0,12,0.479,0.0,0.719,0,2023,3,27,0,1,0,0,0,0,0
20.05,,18.13,21.42,1022.0,39.0,1.25,2.0,13,0.0,0.0,0.255,0,2023,3,27,0,1,0,0,0,0,0
21.56,,16.73,23.09,1021.0,39.0,1.36,1.0,14,0.0,0.0,0.242,0,2023,3,27,0,1,0,0,0,0,0
22.1,,17.13,23.09,1020.0,36.0,1.87,3.0,15,0.0,0.0,0.24,0,2023,3,27,0,1,0,0,0,0,0
22.59,,16.13,22.89,1020.0,32.0,1.77,19.0,16,0.0,0.0,0.241,0,2023,3,27,0,0,1,0,0,0,0
22.59,,16.13,22.89,1020.0,32.0,1.76,34.0,17,0.0,0.0,0.252,0,2023,3,27,0,0,0,0,0,0,1
15.8,,15.13,19.75,1021.0,60.0,1.35,29.0,18,0.206,0.0,0.1,0,2023,3,27,0,0,0,0,0,0,1
14.66,,14.13,15.62,1021.0,64.0,0.78,100.0,19,0.551,0.0,0.014,0,2023,3,27,0,0,0,0,0,1,0
13.9,,13.13,16.42,1022.0,64.0,0.95,100.0,20,1.063,0.0,0.0,0,2023,3,27,0,0,0,0,0,1,0
13.68,,13.13,14.75,1022.0,62.0,0.52,100.0,21,0.941,0.0,0.0,0,2023,3,27,0,0,0,0,0,1,0
14.42,,10.13,14.56,1022.0,73.0,1.12,100.0,22,0.0,0.651,0.0,0,2023,3,27,0,0,0,0,0,1,0
14.41,,10.13,14.56,1022.0,73.0,1.46,100.0,23,0.0,0.517,0.0,0,2023,3,27,0,0,0,0,0,1,0
13.32,,9.13,13.45,1022.0,73.0,1.74,100.0,0,0.0,0.486,0.0,0,2023,3,28,0,0,0,0,0,1,0
13.88,,10.86,14.0,1021.0,66.0,1.73,93.0,1,0.0,0.496,0.0,0,2023,3,28,0,0,0,0,0,1,0
11.34,,10.53,11.73,1021.0,64.0,1.63,52.0,2,0.0,0.506,0.0,0,2023,3,28,1,0,0,0,0,0,0
11.71,,10.31,12.13,1021.0,63.0,1.61,36.0,3,0.0,0.331,0.0,0,2023,3,28,0,0,0,0,0,0,1
11.71,,9.75,12.13,1021.0,63.0,1.66,28.0,4,0.0,0.244,0.0,0,2023,3,28,0,0,0,0,0,0,1
10.91,,9.75,11.13,1021.0,62.0,1.7,23.0,5,0.0,0.229,0.0,0,2023,3,28,0,0,1,0,0,0,0
10.95,,9.98,11.13,1021.0,62.0,1.8,19.0,6,0.0,0.224,0.0,0,2023,3,28,0,0,1,0,0,0,0
10.95,,9.98,11.13,1021.0,63.0,1.75,38.0,7,0.0,1.705,0.004,0,2023,3,28,0,0,0,0,0,0,1
14.48,,10.62,14.56,1021.0,63.0,1.6,27.0,8,0.117,0.0,0.207,0,2023,3,28,0,0,0,0,0,0,1
18.37,,14.13,18.45,1021.0,48.0,1.42,51.0,9,0.31,0.0,0.394,0,2023,3,28,1,0,0,0,0,0,0
20.56,,16.98,20.67,1021.0,51.0,0.84,63.0,10,0.0,0.0,0.369,0,2023,3,28,1,0,0,0,0,0,0
21.2,,20.13,22.53,1021.0,48.0,1.24,71.0,11,0.0,0.0,0.397,0,2023,3,28,1,0,0,0,0,0,0
23.38,,21.13,24.75,1021.0,35.0,2.06,77.0,12,0.0,0.0,0.682,0,2023,3,28,1,0,0,0,0,0,0
24.42,,17.84,24.56,1020.0,34.0,2.63,100.0,13,0.0,0.0,0.366,0,2023,3,28,0,0,0,0,0,1,0
24.96,,18.4,25.11,1020.0,34.0,2.92,99.0,14,0.0,0.0,0.315,0,2023,3,28,0,0,0,0,0,1,0
23.87,,18.95,24.0,1020.0,39.0,3.1,100.0,15,0.0,0.0,0.323,0,2023,3,28,0,0,0,0,0,1,0
23.88,,18.95,24.0,1020.0,39.0,2.43,100.0,16,0.0,0.0,0.322,0,2023,3,28,0,0,0,0,0,1,0
22.8,,18.95,22.89,1020.0,40.0,1.34,100.0,17,0.005,0.0,0.313,0,2023,3,28,0,0,0,0,0,1,0
20.13,,18.95,20.13,1020.0,58.0,0.54,88.0,18,0.416,0.0,0.134,0,2023,3,28,0,0,0,0,0,1,0
17.78,,17.13,19.42,1020.0,60.0,1.56,51.0,19,0.864,0.0,0.023,0,2023,3,28,1,0,0,0,0,0,0
16.74,,16.13,17.84,1021.0,59.0,1.4,48.0,20,1.004,0.0,0.0,0,2023,3,28,0,0,0,0,0,0,1
15.9,,15.13,17.29,1021.0,58.0,1.59,65.0,21,0.678,0.0,0.0,0,2023,3,28,1,0,0,0,0,0,0
16.4,,16.13,17.2,1021.0,60.0,1.42,63.0,22,0.0,0.692,0.0,0,2023,3,28,1,0,0,0,0,0,0
16.19,,16.13,17.2,1021.0,61.0,1.24,60.0,23,0.0,0.579,0.0,0,2023,3,28,1,0,0,0,0,0,0
15.4,,15.13,17.2,1021.0,63.0,1.45,77.0,0,0.0,0.531,0.0,0,2023,3,29,1,0,0,0,0,0,0
15.38,,15.13,16.64,1021.0,65.0,1.71,98.0,1,0.0,0.256,0.0,0,2023,3,29,0,0,0,0,0,1,0
15.11,,15.07,15.31,1020.0,66.0,1.73,99.0,2,0.0,0.256,0.0,0,2023,3,29,0,0,0,0,0,1,0
15.11,,15.07,15.86,1020.0,67.0,1.86,99.0,3,0.0,0.25,0.0,0,2023,3,29,0,0,0,0,0,1,0
14.89,,14.51,15.31,1019.0,68.0,1.64,99.0,4,0.0,0.246,0.0,0,2023,3,29,0,0,0,0,0,1,0
14.28,,14.13,14.75,1019.0,70.0,1.82,93.0,5,0.0,0.244,0.0,0,2023,3,29,0,0,0,0,0,1,0
13.62,,13.13,15.53,1019.0,71.0,1.42,94.0,6,0.0,0.233,0.0,0,2023,3,29,0,0,0,0,0,1,0
14.14,,13.95,16.42,1020.0,71.0,1.66,100.0,7,0.0,1.371,0.007,0,2023,3,29,0,0,0,0,0,1,0
15.54,,14.51,19.2,1020.0,68.0,1.3,93.0,8,0.334,0.0,0.12,0,2023,3,29,0,0,0,0,0,1,0
19.45,,15.62,19.75,1020.0,39.0,2.2,95.0,9,0.111,0.0,0.203,0,2023,3,29,0,0,0,0,0,1,0
19.52,,16.73,19.56,1020.0,40.0,3.81,97.0,10,1.425,0.0,0.554,0,2023,3,29,0,0,0,0,0,1,0
20.91,,18.4,21.23,1020.0,42.0,4.97,97.0,11,0.246,0.0,0.469,0,2023,3,29,0,0,0,0,0,1,0
21.65,,18.95,23.09,1020.0,38.0,6.13,99.0,12,0.0,0.0,0.458,0,2023,3,29,0,0,0,0,0,1,0
23.34,,19.13,23.45,1020.0,40.0,6.37,100.0,13,0.0,0.0,0.336,0,2023,3,29,0,0,0,0,0,1,0
22.8,,19.13,22.89,1020.0,38.0,6.26,100.0,14,0.0,0.0,0.326,0,2023,3,29,0,0,0,0,0,1,0
21.1,,18.13,22.53,1020.0,40.0,5.71,88.0,15,0.0,0.0,0.323,0,2023,3,29,0,0,0,0,0,1,0
20.59,,17.13,20.67,1020.0,47.0,5.02,68.0,16,0.309,0.0,0.422,0,2023,3,29,1,0,0,0,0,0,0
18.41,,16.64,19.2,1020.0,70.0,4.65,55.0,17,0.103,0.0,0.218,0,2023,3,29,1,0,0,0,0,0,0
17.31,,16.09,17.84,1020.0,78.0,3.32,63.0,18,0.22,0.0,0.054,0,2023,3,29,1,0,0,0,0,0,0
16.24,,15.53,17.29,1021.0,87.0,2.43,82.0,19,0.314,0.0,0.0,0,2023,3,29,1,0,0,0,0,0,0
15.67,,14.98,16.73,1022.0,88.0,2.07,91.0,20,0.424,0.0,0.0,0,2023,3,29,0,0,0,0,0,1,0
15.67,,14.98,16.73,1023.0,88.0,2.03,94.0,21,0.454,0.0,0.0,0,2023,3,29,0,0,0,0,0,1,0
15.65,,14.98,15.67,1023.0,89.0,1.9,95.0,22,0.0,0.553,0.0,0,2023,3,29,0,0,0,0,0,1,0
15.11,,14.98,15.31,1023.0,90.0,1.97,96.0,23,0.0,0.544,0.0,0,2023,3,29,0,0,0,0,0,1,0
15.11,,14.42,15.31,1022.0,90.0,1.86,95.0,0,0.0,0.433,0.0,0,2023,3,30,0,0,0,0,0,1,0
14.57,,13.86,15.31,1023.0,91.0,2.12,94.0,1,0.0,0.275,0.0,0,2023,3,30,0,0,0,0,0,1,0
14.03,,13.86,15.13,1022.0,91.0,2.02,90.0,2,0.0,0.254,0.0,0,2023,3,30,0,0,0,0,0,1,0
14.0,,13.86,14.2,1023.0,91.0,1.86,93.0,3,0.0,0.246,0.0,0,2023,3,30,0,0,0,0,0,1,0
14.0,,13.64,14.13,1023.0,92.0,1.61,95.0,4,0.0,0.234,0.0,0,2023,3,30,0,0,0,0,0,1,0
14.0,,13.09,14.13,1023.0,92.0,1.72,92.0,5,0.0,0.291,0.0,0,2023,3,30,0,0,0,0,0,1,0
13.47,,12.53,14.13,1023.0,92.0,1.66,93.0,6,0.0,0.239,0.0,0,2023,3,30,0,0,0,0,0,1,0
13.5,,12.53,15.07,1023.0,91.0,1.7,100.0,7,0.0,1.197,0.003,0,2023,3,30,0,0,0,0,0,1,0
14.0,,14.0,14.42,1023.0,87.0,2.4,97.0,8,1.026,0.0,0.105,0,2023,3,30,0,0,0,0,0,1,0
15.64,,14.13,15.67,1024.0,83.0,3.46,90.0,9,0.047,0.0,0.239,0,2023,3,30,0,0,0,0,0,1,0
17.25,,15.13,18.09,1024.0,73.0,4.22,86.0,10,0.0,0.0,0.186,0,2023,3,30,0,0,0,0,0,1,0
17.31,,16.13,17.34,1024.0,66.0,4.98,89.0,11,0.0,0.0,0.253,0,2023,3,30,0,0,0,0,0,1,0
17.83,,16.13,18.09,1024.0,62.0,5.48,85.0,12,0.0,0.0,0.242,0,2023,3,30,0,0,0,0,0,1,0
17.84,,16.13,18.64,1024.0,66.0,5.69,100.0,13,0.0,0.0,0.244,0,2023,3,30,0,0,0,0,0,1,0
17.84,,16.13,19.2,1023.0,68.0,5.98,100.0,14,0.0,0.0,0.241,0,2023,3,30,0,0,0,0,0,1,0
17.89,,16.64,19.2,1023.0,69.0,5.61,98.0,15,0.0,0.0,0.239,0,2023,3,30,0,0,0,0,0,1,0
17.31,,16.09,18.09,1023.0,72.0,5.41,99.0,16,0.0,0.0,0.23,0,2023,3,30,0,0,0,0,0,1,0
16.24,,15.53,17.53,1023.0,74.0,4.85,99.0,17,0.053,0.0,0.197,0,2023,3,30,0,0,0,0,0,1,0
15.67,,14.98,16.73,1023.0,79.0,4.11,100.0,18,0.656,0.0,0.09,0,2023,3,30,0,0,0,0,0,1,0
15.12,,14.42,16.18,1024.0,83.0,3.79,100.0,19,1.304,0.0,0.001,0,2023,3,30,0,0,0,0,0,1,0
15.13,,14.42,16.18,1024.0,85.0,3.63,100.0,20,0.997,0.0,0.0,0,2023,3,30,0,0,0,1,0,0,0
14.59,,14.2,15.62,1025.0,90.0,3.85,100.0,21,0.637,0.0,0.0,0,2023,3,30,0,0,0,0,0,1,0
14.59,,13.86,15.62,1024.0,92.0,3.82,100.0,22,0.0,0.605,0.0,0,2023,3,30,0,0,0,0,0,1,0
14.55,,13.86,15.86,1024.0,93.0,3.68,100.0,23,0.0,0.49,0.0,0,2023,3,30,0,0,0,0,0,1,0
14.55,,13.86,15.31,1023.0,94.0,3.97,100.0,0,0.0,0.835,0.0,0,2023,3,31,0,0,0,0,0,1,0
14.55,,13.86,15.07,1023.0,94.0,3.71,100.0,1,0.0,0.485,0.0,0,2023,3,31,0,0,0,0,0,1,0
14.55,,13.86,15.07,1023.0,94.0,3.44,99.0,2,0.0,0.474,0.0,0,2023,3,31,0,0,0,0,0,1,0
14.54,,13.86,14.56,1023.0,94.0,3.29,99.0,3,0.0,0.455,0.0,0,2023,3,31,0,0,0,0,0,1,0
14.01,,13.86,14.51,1024.0,95.0,3.33,98.0,4,0.0,0.278,0.0,0,2023,3,31,0,0,0,0,0,1,0
14.01,,13.86,14.51,1024.0,94.0,3.27,99.0,5,0.0,0.248,0.0,0,2023,3,31,0,0,0,0,0,1,0
13.49,,13.31,14.51,1024.0,95.0,2.41,99.0,6,0.0,0.244,0.0,0,2023,3,31,0,0,0,0,0,1,0
12.89,,12.75,13.13,1024.0,95.0,2.09,97.0,7,0.0,0.508,0.001,0,2023,3,31,0,0,0,0,0,1,0
12.42,,12.34,14.13,1024.0,94.0,2.57,99.0,8,0.57,0.0,0.055,0,2023,3,31,0,0,0,0,0,1,0
13.49,,13.45,14.75,1025.0,93.0,3.55,95.0,9,0.168,0.0,0.236,0,2023,3,31,0,0,0,0,0,1,0
14.05,,13.86,16.42,1025.0,87.0,3.91,92.0,10,0.659,0.0,0.376,0,2023,3,31,0,0,0,0,0,1,0
15.11,,14.42,15.13,1025.0,78.0,3.96,94.0,11,0.0,0.0,0.445,0,2023,3,31,0,0,0,0,0,1,0
15.12,,14.98,15.86,1025.0,78.0,4.48,100.0,12,0.022,0.0,0.414,0,2023,3,31,0,0,0,0,0,1,0
16.2,,14.98,17.53,1025.0,74.0,4.76,100.0,13,0.172,0.0,0.341,0,2023,3,31,0,0,0,0,0,1,0
16.22,,14.98,16.98,1024.0,71.0,4.79,100.0,14,0.027,0.0,0.392,0,2023,3,31,0,0,0,0,0,1,0
16.22,,16.13,16.42,1024.0,68.0,4.69,99.0,15,0.013,0.0,0.674,0,2023,3,31,0,0,0,0,0,1,0
16.18,,14.42,16.23,1024.0,70.0,4.53,99.0,16,0.074,0.0,0.615,0,2023,3,31,0,0,0,0,0,1,0
15.12,,15.11,15.62,1024.0,74.0,4.0,100.0,17,0.857,0.0,0.354,0,2023,3,31,0,0,0,0,0,1,0
14.02,,13.31,15.07,1025.0,80.0,2.94,99.0,18,1.431,0.0,0.141,0,2023,3,31,0,0,0,0,0,1,0
13.49,,12.75,14.51,1026.0,82.0,1.9,100.0,19,0.949,0.0,0.028,0,2023,3,31,0,0,0,0,0,1,0
12.92,,12.75,14.13,1026.0,87.0,1.12,94.0,20,0.557,0.0,0.0,0,2023,3,31,0,0,0,0,0,1,0
12.37,,12.2,13.95,1027.0,90.0,0.63,96.0,21,1.21,0.0,0.0,0,2023,3,31,0,0,0,0,0,1,0
12.37,,12.2,13.95,1027.0,91.0,0.44,91.0,22,0.0,0.392,0.0,0,2023,3,31,0,0,0,0,0,1,0
12.39,,11.64,13.95,1027.0,92.0,0.61,89.0,23,0.0,0.245,0.0,0,2023,3,31,0,0,0,0,0,1,0
12.37,,11.64,13.95,1026.0,93.0,0.64,86.0,0,0.0,0.244,0.0,0,2023,4,1,0,0,0,0,0,1,0
12.38,,11.64,13.4,1026.0,93.0,0.83,95.0,1,0.0,0.251,0.0,0,2023,4,1,0,0,0,0,0,1,0
12.38,,11.64,13.4,1025.0,93.0,0.87,96.0,2,0.0,0.294,0.0,0,2023,4,1,0,0,0,0,0,1,0
12.38,,11.42,13.4,1025.0,93.0,1.06,97.0,3,0.0,0.306,0.0,0,2023,4,1,0,0,0,0,0,1,0
12.38,,11.42,13.4,1025.0,93.0,1.21,98.0,4,0.0,0.249,0.0,0,2023,4,1,0,0,0,0,0,1,0
12.38,,10.86,13.4,1025.0,93.0,1.05,98.0,5,0.0,0.27,0.0,0,2023,4,1,0,0,0,0,0,1,0
11.83,,10.31,13.13,1025.0,93.0,0.97,99.0,6,0.0,0.356,0.0,0,2023,4,1,0,0,0,1,0,0,0
11.28,,10.31,12.84,1025.0,92.0,1.27,100.0,7,0.0,0.236,0.001,0,2023,4,1,0,0,0,0,1,0,0
11.28,,11.23,12.84,1025.0,93.0,1.01,100.0,8,0.22,0.0,0.026,0,2023,4,1,0,0,0,1,0,0,0
11.79,,11.64,12.13,1026.0,94.0,1.12,100.0,9,0.136,0.0,0.124,0,2023,4,1,0,0,0,0,0,1,0
11.82,,11.78,13.4,1026.0,93.0,1.16,100.0,10,1.2,0.0,0.246,0,2023,4,1,0,0,0,0,0,1,0
12.35,,12.13,14.75,1026.0,92.0,1.17,100.0,11,1.029,0.0,0.328,0,2023,4,1,0,0,0,0,0,1,0
12.9,,12.75,13.95,1025.0,92.0,0.51,100.0,12,0.037,0.0,0.316,0,2023,4,1,0,0,0,0,0,1,0
13.48,,13.31,15.07,1025.0,90.0,0.91,100.0,13,0.335,0.0,0.23,0,2023,4,1,0,0,0,0,0,1,0
14.01,,13.31,15.31,1025.0,92.0,0.89,100.0,14,0.382,0.0,0.369,0,2023,4,1,0,0,0,0,0,1,0
15.07,,14.13,15.31,1024.0,86.0,1.26,100.0,15,0.121,0.0,0.446,0,2023,4,1,0,0,0,0,0,1,0
16.15,,14.13,16.98,1024.0,78.0,1.49,100.0,16,0.257,0.0,0.267,0,2023,4,1,0,0,0,0,0,1,0
16.18,,15.07,16.98,1024.0,78.0,2.13,98.0,17,0.115,0.0,0.364,0,2023,4,1,0,0,0,0,0,1,0
16.15,,14.13,16.42,1024.0,75.0,1.61,91.0,18,0.378,0.0,0.154,0,2023,4,1,0,0,0,0,0,1,0
14.46,,13.86,15.07,1025.0,90.0,1.47,49.0,19,0.537,0.0,0.011,0,2023,4,1,0,0,0,0,0,0,1
13.43,,12.13,13.95,1026.0,85.0,1.51,27.0,20,0.433,0.0,0.0,0,2023,4,1,0,0,0,0,0,0,1
12.32,,11.13,13.4,1026.0,86.0,1.39,18.0,21,0.477,0.0,0.0,0,2023,4,1,0,0,1,0,0,0,0
11.75,,10.13,12.29,1027.0,86.0,1.64,15.0,22,0.0,0.514,0.0,0,2023,4,1,0,0,1,0,0,0,0
11.19,,9.13,12.29,1027.0,86.0,1.91,12.0,23,0.0,0.492,0.0,0,2023,4,1,0,0,1,0,0,0,0
10.64,,8.09,11.73,1027.0,77.0,2.18,11.0,0,0.0,0.516,0.0,0,2023,4,2,0,0,1,0,0,0,0
9.58,,7.53,11.18,1027.0,72.0,2.38,8.0,1,0.0,0.248,0.0,0,2023,4,2,0,1,0,0,0,0,0
9.13,,6.42,10.62,1027.0,87.0,2.41,9.0,2,0.0,0.239,0.0,0,2023,4,2,0,1,0,0,0,0,0
9.11,,5.86,10.62,1027.0,85.0,2.37,8.0,3,0.0,0.244,0.0,0,2023,4,2,0,1,0,0,0,0,0
7.71,,5.31,10.07,1027.0,84.0,2.54,22.0,4,0.0,0.241,0.0,0,2023,4,2,0,0,1,0,0,0,0
6.88,,4.75,9.51,1027.0,81.0,2.09,38.0,5,0.0,0.239,0.0,0,2023,4,2,0,0,0,0,0,0,1
6.06,,4.13,8.95,1027.0,79.0,2.15,38.0,6,0.0,0.234,0.0,0,2023,4,2,0,0,0,0,0,0,1
5.29,,3.13,8.4,1027.0,77.0,2.02,24.0,7,0.0,0.209,0.022,0,2023,4,2,0,0,1,0,0,0,0
10.56,,6.98,10.67,1027.0,53.0,1.77,17.0,8,0.018,0.0,0.211,0,2023,4,2,0,0,1,0,0,0,0
12.76,,10.07,12.89,1027.0,57.0,1.35,42.0,9,0.055,0.0,0.593,0,2023,4,2,0,0,0,0,0,0,1
14.98,,11.18,15.11,1027.0,47.0,1.3,47.0,10,0.161,0.0,0.843,0,2023,4,2,0,0,0,0,0,0,1
16.7,,14.13,16.98,1027.0,45.0,0.67,40.0,11,0.222,0.0,1.06,0,2023,4,2,0,0,0,0,0,0,1
17.75,,14.51,18.64,1027.0,38.0,0.39,53.0,12,0.619,0.0,1.161,0,2023,4,2,1,0,0,0,0,0,0
18.88,,15.07,20.31,1026.0,37.0,0.72,33.0,13,0.236,0.0,0.79,0,2023,4,2,0,0,0,0,0,0,1
19.38,,15.13,20.86,1025.0,35.0,1.13,61.0,14,0.11,0.0,0.652,0,2023,4,2,1,0,0,0,0,0,0
20.53,,15.13,20.67,1024.0,35.0,1.5,74.0,15,0.0,0.0,0.293,0,2023,4,2,1,0,0,0,0,0,0
19.9,,15.13,20.86,1024.0,37.0,1.85,80.0,16,0.015,0.0,0.465,0,2023,4,2,1,0,0,0,0,0,0
20.46,,16.13,20.67,1023.0,37.0,1.7,84.0,17,0.034,0.0,0.429,0,2023,4,2,1,0,0,0,0,0,0
16.13,,16.13,16.18,1024.0,60.0,1.23,93.0,18,0.909,0.0,0.149,0,2023,4,2,0,0,0,0,0,1,0
14.46,,13.86,15.07,1024.0,68.0,0.81,100.0,19,1.95,0.0,0.026,0,2023,4,2,0,0,0,0,0,1,0
12.13,,11.13,13.95,1024.0,70.0,1.18,100.0,20,0.812,0.0,0.0,0,2023,4,2,0,0,0,0,0,1,0
11.94,,11.13,13.4,1025.0,68.0,1.66,100.0,21,0.703,0.0,0.0,0,2023,4,2,0,0,0,0,0,1,0
11.24,,10.13,12.84,1025.0,66.0,1.51,100.0,22,0.0,1.031,0.0,0,2023,4,2,0,0,0,0,0,1,0
12.26,,9.13,12.84,1024.0,69.0,1.8,100.0,23,0.0,1.275,0.0,0,2023,4,2,0,0,0,0,0,1,0
9.81,,8.13,12.29,1024.0,63.0,1.8,98.0,0,0.0,0.566,0.0,0,2023,4,3,0,0,0,0,0,1,0
8.78,,7.13,11.18,1023.0,61.0,2.01,48.0,1,0.0,0.355,0.0,0,2023,4,3,0,0,0,0,0,0,1
8.74,,7.13,11.18,1022.0,60.0,1.69,34.0,2,0.0,0.265,0.0,0,2023,4,3,0,0,0,0,0,0,1
9.66,,8.86,10.62,1022.0,57.0,2.01,43.0,3,0.0,0.233,0.0,0,2023,4,3,0,0,0,0,0,0,1
8.82,,7.2,10.07,1021.0,56.0,1.78,53.0,4,0.0,0.235,0.0,0,2023,4,3,1,0,0,0,0,0,0
8.62,,7.75,9.51,1021.0,55.0,1.43,62.0,5,0.0,0.234,0.0,0,2023,4,3,1,0,0,0,0,0,0
8.62,,6.64,9.51,1021.0,54.0,1.64,68.0,6,0.0,0.239,0.0,0,2023,4,3,1,0,0,0,0,0,0
8.42,,7.75,8.95,1021.0,56.0,1.63,100.0,7,0.0,1.632,0.039,0,2023,4,3,0,0,0,0,0,1,0
13.34,,9.13,13.45,1020.0,49.0,1.1,100.0,8,0.188,0.0,0.165,0,2023,4,3,0,0,0,0,0,1,0
15.0,,10.62,15.11,1020.0,47.0,0.98,100.0,9,0.0,0.0,0.228,0,2023,4,3,0,0,0,0,0,1,0
16.62,,12.29,16.78,1019.0,51.0,0.85,100.0,10,0.0,0.0,0.233,0,2023,4,3,0,0,0,0,0,1,0
16.76,,16.09,16.98,1019.0,55.0,1.07,100.0,11,0.0,0.0,0.23,0,2023,4,3,0,0,0,0,0,1,0
18.84,,14.51,19.0,1018.0,43.0,1.05,100.0,12,0.0,0.0,0.234,0,2023,4,3,0,0,0,0,0,1,0
19.38,,15.07,19.56,1017.0,43.0,1.81,100.0,13,0.0,0.0,0.238,0,2023,4,3,0,0,0,0,0,1,0
18.82,,15.13,19.0,1017.0,48.0,2.59,100.0,14,0.0,0.0,0.334,0,2023,4,3,0,0,0,0,0,1,0
18.84,,15.13,19.0,1016.0,52.0,2.32,100.0,15,0.0,0.0,0.246,0,2023,4,3,0,0,0,0,0,1,0
18.3,,15.13,18.45,1015.0,58.0,1.66,100.0,16,0.007,0.0,0.225,0,2023,4,3,0,0,0,0,0,1,0
16.7,,15.07,16.78,1015.0,63.0,3.01,100.0,17,0.102,0.0,0.132,0,2023,4,3,0,0,0,0,0,1,0
16.7,,14.98,16.78,1014.0,67.0,1.49,100.0,18,0.96,0.0,0.039,0,2023,4,3,0,0,0,0,0,1,0
14.48,,13.86,15.31,1014.0,71.0,1.3,100.0,19,2.651,0.0,0.003,0,2023,4,3,0,0,0,0,0,1,0
13.22,,12.75,13.64,1015.0,75.0,1.3,100.0,20,0.571,0.0,0.0,0,2023,4,3,0,0,0,0,0,1,0
13.43,,12.2,13.45,1015.0,86.0,1.41,100.0,21,0.607,0.0,0.0,0,2023,4,3,0,0,0,0,0,1,0
12.85,,11.64,12.89,1014.0,89.0,1.44,100.0,22,0.0,0.56,0.0,0,2023,4,3,0,0,0,0,0,1,0
12.32,,11.09,12.34,1014.0,90.0,0.54,100.0,23,0.0,0.512,0.0,0,2023,4,3,0,0,0,0,0,1,0
12.33,,11.98,12.34,1014.0,91.0,0.76,100.0,0,0.0,0.498,0.0,0,2023,4,4,0,0,0,0,0,1,0
12.33,,11.98,12.34,1014.0,91.0,0.69,100.0,1,0.0,0.499,0.0,0,2023,4,4,0,0,0,0,0,1,0
11.77,,11.09,12.29,1014.0,91.0,1.38,100.0,2,0.0,0.448,0.0,0,2023,4,4,0,0,0,0,0,1,0
12.3,,11.09,12.34,1014.0,85.0,1.18,100.0,3,0.0,0.26,0.0,0,2023,4,4,0,0,0,0,0,1,0
13.35,,10.86,13.45,1014.0,67.0,1.79,100.0,4,0.0,0.248,0.0,0,2023,4,4,0,0,0,0,0,1,0
12.79,,9.75,12.89,1014.0,60.0,1.99,100.0,5,0.0,0.25,0.0,0,2023,4,4,0,0,0,0,0,1,0
10.01,,8.09,11.64,1014.0,79.0,1.96,97.0,6,0.0,0.254,0.0,0,2023,4,4,0,0,0,0,0,1,0
9.41,,8.09,11.18,1015.0,80.0,1.98,75.0,7,0.0,0.598,0.027,0,2023,4,4,1,0,0,0,0,0,0
14.95,,11.13,15.11,1015.0,43.0,1.63,47.0,8,0.438,0.0,0.232,0,2023,4,4,0,0,0,0,0,0,1
15.61,,13.4,15.67,1015.0,35.0,1.81,32.0,9,0.0,0.0,0.284,0,2023,4,4,0,0,0,0,0,0,1
17.06,,16.64,18.09,1015.0,35.0,2.98,24.0,10,0.0,0.0,0.337,0,2023,4,4,0,0,1,0,0,0,0
17.92,,17.89,19.75,1015.0,36.0,3.52,20.0,11,0.0,0.0,0.251,0,2023,4,4,0,0,1,0,0,0,0
19.57,,19.42,21.42,1015.0,33.0,3.73,13.0,12,0.524,0.0,0.337,0,2023,4,4,0,0,1,0,0,0,0
20.08,,18.4,22.53,1015.0,24.0,4.04,1.0,13,0.0,0.0,0.309,0,2023,4,4,0,1,0,0,0,0,0
21.18,,18.95,23.09,1015.0,24.0,3.83,1.0,14,0.0,0.0,0.321,0,2023,4,4,0,1,0,0,0,0,0
21.78,,19.51,23.13,1014.0,22.0,3.41,0.0,15,0.0,0.0,0.319,0,2023,4,4,0,1,0,0,0,0,0
21.8,,20.62,23.13,1014.0,19.0,2.68,0.0,16,0.0,0.0,0.307,0,2023,4,4,0,1,0,0,0,0,0
22.33,,22.13,22.53,1014.0,18.0,1.52,0.0,17,0.0,0.0,0.33,0,2023,4,4,0,1,0,0,0,0,0
22.23,,20.13,22.34,1015.0,19.0,0.45,1.0,18,0.207,0.0,0.137,0,2023,4,4,0,1,0,0,0,0,0
17.13,,17.13,17.13,1016.0,49.0,0.86,5.0,19,0.953,0.0,0.012,0,2023,4,4,0,1,0,0,0,0,0
15.13,,15.13,15.13,1017.0,51.0,1.71,2.0,20,0.915,0.0,0.0,0,2023,4,4,0,1,0,0,0,0,0
13.13,,13.13,13.13,1018.0,51.0,2.0,2.0,21,0.479,0.0,0.0,0,2023,4,4,0,1,0,0,0,0,0
11.13,,11.13,14.75,1019.0,51.0,2.23,2.0,22,0.0,0.497,0.0,0,2023,4,4,0,1,0,0,0,0,0
12.97,,11.13,15.62,1019.0,49.0,2.51,2.0,23,0.0,0.487,0.0,0,2023,4,4,0,1,0,0,0,0,0
